"deviceId","datetime","laneOrder","bigVolume","bigSpeed","carVolume","carSpeed","motorVolume","motorSpeed","avgSpeed","laneOccupy","totalVolume"
"V003320","2022/12/01 0000","0","1","48","5","36","0","0","38","1","6"
"V003320","2022/12/01 0100","0","33","38","47","39","0","0","39","1","80"
"V003320","2022/12/01 0200","0","26","39","36","40","0","0","39","3","62"
"V003320","2022/12/01 0300","0","17","37","20","38","0","0","37","2","37"
"V003320","2022/12/01 0400","0","18","43","20","44","0","0","44","1","38"
"V003320","2022/12/01 0500","0","15","43","26","40","0","0","41","2","41"
"V003320","2022/12/01 0600","0","36","35","54","37","0","0","36","2","90"
"V003320","2022/12/01 0700","0","72","35","116","37","0","0","36","3","188"
"V003320","2022/12/01 0800","0","107","33","232","35","0","0","34","6","339"
"V003320","2022/12/01 0900","0","83","31","220","32","0","0","32","8","303"
"V003320","2022/12/01 1000","0","108","33","145","33","0","0","33","7","253"
"V003320","2022/12/01 1100","0","127","33","187","33","0","0","33","7","314"
"V003320","2022/12/01 1200","0","117","34","221","33","0","0","34","7","338"
"V003320","2022/12/01 1300","0","107","33","241","33","0","0","33","8","348"
"V003320","2022/12/01 1400","0","89","29","216","33","0","0","32","6","305"
"V003320","2022/12/01 1500","0","116","35","204","35","0","0","35","4","320"
"V003320","2022/12/01 1600","0","88","32","258","33","0","0","32","8","346"
"V003320","2022/12/01 1700","0","104","31","288","32","0","0","32","7","392"
"V003320","2022/12/01 1800","0","154","34","243","33","0","0","34","7","397"
"V003320","2022/12/01 1900","0","132","34","274","33","0","0","33","9","406"
"V003320","2022/12/01 2000","0","118","38","198","36","0","0","37","6","316"
"V003320","2022/12/01 2100","0","92","32","190","33","0","0","33","6","282"
"V003320","2022/12/01 2200","0","91","30","202","30","0","0","30","8","293"
"V003320","2022/12/01 2300","0","53","29","115","32","0","0","31","5","168"
"V003320","2022/12/02 0000","0","30","24","65","30","0","0","28","6","95"
"V003320","2022/12/02 0100","0","37","27","60","34","0","0","31","4","97"
"V003320","2022/12/02 0200","0","15","33","33","37","0","0","36","1","48"
"V003320","2022/12/02 0300","0","11","38","22","39","0","0","39","1","33"
"V003320","2022/12/02 0400","0","16","33","23","37","0","0","36","1","39"
"V003320","2022/12/02 0500","0","11","34","38","37","0","0","36","1","49"
"V003320","2022/12/02 0600","0","28","37","56","38","0","0","37","2","84"
"V003320","2022/12/02 0700","0","78","33","135","34","0","0","34","4","213"
"V003320","2022/12/02 0800","0","126","36","200","33","0","0","34","6","326"
"V003320","2022/12/02 0900","0","139","34","191","34","0","0","34","7","330"
"V003320","2022/12/02 1000","0","115","30","207","31","0","0","30","11","322"
"V003320","2022/12/02 1100","0","103","34","179","33","0","0","33","7","282"
"V003320","2022/12/02 1200","0","152","35","224","34","0","0","34","9","376"
"V003320","2022/12/02 1300","0","114","29","302","31","0","0","30","13","416"
"V003320","2022/12/02 1400","0","80","31","281","33","0","0","32","9","361"
"V003320","2022/12/02 1500","0","101","32","239","33","0","0","32","8","340"
"V003320","2022/12/02 1600","0","86","33","312","34","0","0","34","8","398"
"V003320","2022/12/02 1700","0","84","32","301","33","0","0","32","9","385"
"V003320","2022/12/02 1800","0","138","32","242","31","0","0","31","11","380"
"V003320","2022/12/02 1900","0","108","35","269","32","0","0","32","9","377"
"V003320","2022/12/02 2000","0","123","34","221","33","0","0","33","6","344"
"V003320","2022/12/02 2100","0","128","33","211","33","0","0","33","7","339"
"V003320","2022/12/02 2200","0","106","33","233","34","0","0","33","7","339"
"V003320","2022/12/02 2300","0","73","33","191","33","0","0","33","6","264"
"V003320","2022/12/03 0000","0","41","28","98","33","0","0","32","6","139"
"V003320","2022/12/03 0100","0","34","28","74","33","0","0","31","4","108"
"V003320","2022/12/03 0200","0","30","31","47","35","0","0","33","6","77"
"V003320","2022/12/03 0300","0","17","31","53","37","0","0","35","1","70"
"V003320","2022/12/03 0400","0","16","34","22","38","0","0","36","4","38"
"V003320","2022/12/03 0500","0","16","36","36","38","0","0","37","1","52"
"V003320","2022/12/03 0600","0","38","33","60","36","0","0","35","1","98"
"V003320","2022/12/03 0700","0","52","32","124","33","0","0","33","6","176"
"V003320","2022/12/03 0800","0","84","33","152","33","0","0","33","5","236"
"V003320","2022/12/03 0900","0","83","32","180","31","0","0","32","7","263"
"V003320","2022/12/03 1000","0","120","35","142","34","0","0","34","7","262"
"V003320","2022/12/03 1100","0","102","32","221","31","0","0","31","9","323"
"V003320","2022/12/03 1200","0","149","33","200","31","0","0","31","11","349"
"V003320","2022/12/03 1300","0","105","33","228","33","0","0","33","7","333"
"V003320","2022/12/03 1400","0","89","32","226","34","0","0","33","5","315"
"V003320","2022/12/03 1500","0","82","35","233","35","0","0","35","4","315"
"V003320","2022/12/03 1600","0","44","32","196","33","0","0","32","6","240"
"V003320","2022/12/03 1700","0","87","31","254","32","0","0","32","12","341"
"V003320","2022/12/03 1800","0","124","34","170","32","0","0","33","9","294"
"V003320","2022/12/03 1900","0","106","31","232","31","0","0","31","9","338"
"V003320","2022/12/03 2000","0","83","29","222","30","0","0","30","7","305"
"V003320","2022/12/03 2100","0","68","31","247","33","0","0","32","6","315"
"V003320","2022/12/03 2200","0","86","32","215","33","0","0","32","7","301"
"V003320","2022/12/03 2300","0","61","29","170","32","0","0","31","8","231"
"V003320","2022/12/04 0000","0","44","32","104","34","0","0","33","3","148"
"V003320","2022/12/04 0100","0","35","31","72","33","0","0","33","3","107"
"V003320","2022/12/04 0200","0","21","29","71","35","0","0","34","2","92"
"V003320","2022/12/04 0300","0","20","36","34","37","0","0","36","1","54"
"V003320","2022/12/04 0400","0","10","29","35","39","0","0","37","1","45"
"V003320","2022/12/04 0500","0","20","41","25","39","0","0","40","1","45"
"V003320","2022/12/04 0600","0","36","35","50","37","0","0","36","1","86"
"V003320","2022/12/04 0700","0","57","30","122","33","0","0","32","3","179"
"V003320","2022/12/04 0800","0","63","31","128","32","0","0","32","6","191"
"V003320","2022/12/04 0900","0","82","34","141","34","0","0","34","5","223"
"V003320","2022/12/04 1000","0","103","30","142","31","0","0","30","9","245"
"V003320","2022/12/04 1100","0","113","30","171","30","0","0","30","9","284"
"V003320","2022/12/04 1200","0","98","31","227","32","0","0","31","7","325"
"V003320","2022/12/04 1300","0","106","36","196","36","0","0","36","7","302"
"V003320","2022/12/04 1400","0","88","35","224","35","0","0","34","5","312"
"V003320","2022/12/04 1500","0","80","31","246","32","0","0","31","6","326"
"V003320","2022/12/04 1600","0","53","31","176","31","0","0","31","6","229"
"V003320","2022/12/04 1700","0","81","30","272","30","0","0","31","9","353"
"V003320","2022/12/04 1800","0","79","32","189","33","0","0","33","7","268"
"V003320","2022/12/04 1900","0","107","30","270","31","0","0","31","8","377"
"V003320","2022/12/04 2000","0","67","30","239","34","0","0","32","6","306"
"V003320","2022/12/04 2100","0","70","32","185","32","0","0","32","5","255"
"V003320","2022/12/04 2200","0","68","33","232","33","0","0","33","5","300"
"V003320","2022/12/04 2300","0","50","31","125","33","0","0","33","3","175"
"V003320","2022/12/05 0000","0","38","28","71","33","0","0","31","4","109"
"V003320","2022/12/05 0100","0","25","30","61","36","0","0","34","1","86"
"V003320","2022/12/05 0200","0","19","41","34","38","0","0","39","1","53"
"V003320","2022/12/05 0300","0","16","38","21","39","0","0","38","1","37"
"V003320","2022/12/05 0400","0","7","30","29","38","0","0","37","1","36"
"V003320","2022/12/05 0500","0","9","31","18","36","0","0","34","6","27"
"V003320","2022/12/05 0600","0","19","33","28","38","0","0","36","2","47"
"V003320","2022/12/05 0700","0","58","31","104","34","0","0","33","4","162"
"V003320","2022/12/05 0800","0","81","34","202","33","0","0","33","5","283"
"V003320","2022/12/05 0900","0","77","27","205","33","0","0","31","6","282"
"V003320","2022/12/05 1000","0","119","31","200","32","0","0","31","7","319"
"V003320","2022/12/05 1100","0","84","32","224","34","0","0","33","6","308"
"V003320","2022/12/05 1200","0","129","36","230","34","0","0","35","6","359"
"V003320","2022/12/05 1300","0","92","30","271","32","0","0","31","9","363"
"V003320","2022/12/05 1400","0","90","32","222","33","0","0","33","8","312"
"V003320","2022/12/05 1500","0","84","31","250","33","0","0","32","8","334"
"V003320","2022/12/05 1600","0","84","29","255","32","0","0","31","10","339"
"V003320","2022/12/05 1700","0","111","32","243","32","0","0","33","9","354"
"V003320","2022/12/05 1800","0","147","36","191","35","0","0","35","8","338"
"V003320","2022/12/05 1900","0","137","38","210","37","0","0","38","6","347"
"V003320","2022/12/05 2000","0","95","35","201","33","0","0","33","7","296"
"V003320","2022/12/05 2100","0","98","35","179","34","0","0","34","5","277"
"V003320","2022/12/05 2200","0","78","31","184","32","0","0","32","5","262"
"V003320","2022/12/05 2300","0","60","33","119","33","0","0","33","3","179"
"V003320","2022/12/06 0000","0","31","28","68","35","0","0","33","3","99"
"V003320","2022/12/06 0100","0","22","38","40","35","0","0","36","1","62"
"V003320","2022/12/06 0200","0","25","38","30","38","0","0","38","1","55"
"V003320","2022/12/06 0300","0","17","40","20","40","0","0","40","1","37"
"V003320","2022/12/06 0400","0","13","39","21","38","0","0","39","1","34"
"V003320","2022/12/06 0500","0","18","44","18","40","0","0","42","2","36"
"V003320","2022/12/06 0600","0","28","36","56","35","0","0","35","2","84"
"V003320","2022/12/06 0700","0","71","34","110","35","0","0","34","3","181"
"V003320","2022/12/06 0800","0","117","38","219","35","0","0","37","5","336"
"V003320","2022/12/06 0900","0","113","35","214","35","0","0","34","7","327"
"V003320","2022/12/06 1000","0","146","34","186","34","0","0","34","6","332"
"V003320","2022/12/06 1100","0","134","33","229","33","0","0","33","8","363"
"V003320","2022/12/06 1200","0","109","33","221","34","0","0","33","6","330"
"V003320","2022/12/06 1300","0","126","32","256","33","0","0","32","11","382"
"V003320","2022/12/06 1400","0","88","32","273","33","0","0","33","7","361"
"V003320","2022/12/06 1500","0","83","32","224","34","0","0","34","5","307"
"V003320","2022/12/06 1600","0","117","34","266","34","0","0","34","9","383"
"V003320","2022/12/06 1700","0","126","32","276","33","0","0","32","9","402"
"V003320","2022/12/06 1800","0","123","34","253","33","0","0","33","9","376"
"V003320","2022/12/06 1900","0","130","35","226","35","0","0","35","7","356"
"V003320","2022/12/06 2000","0","119","32","190","33","0","0","33","8","309"
"V003320","2022/12/06 2100","0","112","33","173","34","0","0","34","5","285"
"V003320","2022/12/06 2200","0","79","30","169","32","0","0","31","7","248"
"V003320","2022/12/06 2300","0","59","29","124","33","0","0","32","4","183"
"V003320","2022/12/07 0000","0","29","27","70","34","0","0","32","6","99"
"V003320","2022/12/07 0100","0","27","30","44","33","0","0","32","2","71"
"V003320","2022/12/07 0200","0","15","36","33","38","0","0","37","2","48"
"V003320","2022/12/07 0300","0","11","32","34","37","0","0","36","1","45"
"V003320","2022/12/07 0400","0","16","36","26","39","0","0","38","1","42"
"V003320","2022/12/07 0500","0","20","41","29","38","0","0","39","1","49"
"V003320","2022/12/07 0600","0","25","36","44","35","0","0","35","3","69"
"V003320","2022/12/07 0700","0","52","28","114","32","0","0","31","5","166"
"V003320","2022/12/07 0800","0","131","37","163","37","0","0","37","4","294"
"V003320","2022/12/07 0900","0","153","36","171","36","0","0","36","8","324"
"V003320","2022/12/07 1000","0","120","30","207","32","0","0","30","10","327"
"V003320","2022/12/07 1100","0","130","32","221","33","0","0","32","8","351"
"V003320","2022/12/07 1200","0","135","33","226","34","0","0","34","9","361"
"V003320","2022/12/07 1300","0","133","32","268","32","0","0","32","11","401"
"V003320","2022/12/07 1400","0","107","34","263","34","0","0","34","6","370"
"V003320","2022/12/07 1500","0","63","31","244","33","0","0","33","6","307"
"V003320","2022/12/07 1600","0","99","32","234","33","0","0","32","9","333"
"V003320","2022/12/07 1700","0","118","31","255","32","0","0","31","12","373"
"V003320","2022/12/07 1800","0","172","34","244","33","0","0","34","10","416"
"V003320","2022/12/07 1900","0","137","35","214","35","0","0","35","8","351"
"V003320","2022/12/07 2000","0","117","35","219","34","0","0","34","6","336"
"V003320","2022/12/07 2100","0","108","34","182","34","0","0","34","7","290"
"V003320","2022/12/07 2200","0","93","32","201","33","0","0","32","8","294"
"V003320","2022/12/07 2300","0","52","31","121","33","0","0","32","3","173"
"V003320","2022/12/08 0000","0","30","29","76","34","0","0","32","1","106"
"V003320","2022/12/08 0100","0","38","40","42","41","0","0","40","1","80"
"V003320","2022/12/08 0200","0","19","35","39","39","0","0","37","3","58"
"V003320","2022/12/08 0300","0","16","33","32","38","0","0","36","1","48"
"V003320","2022/12/08 0400","0","10","31","21","37","0","0","34","2","31"
"V003320","2022/12/08 0500","0","10","29","30","36","0","0","34","3","40"
"V003320","2022/12/08 0600","0","25","37","55","36","0","0","37","2","80"
"V003320","2022/12/08 0700","0","77","34","114","35","0","0","35","3","191"
"V003320","2022/12/08 0800","0","121","36","177","35","0","0","36","5","298"
"V003320","2022/12/08 0900","0","104","38","183","35","0","0","36","6","287"
"V003320","2022/12/08 1000","0","105","32","174","33","0","0","33","7","279"
"V003320","2022/12/08 1100","0","130","35","163","34","0","0","34","5","293"
"V003320","2022/12/08 1200","0","148","35","205","33","0","0","34","7","353"
"V003320","2022/12/08 1300","0","148","34","235","33","0","0","34","7","383"
"V003320","2022/12/08 1400","0","107","33","201","34","0","0","33","6","308"
"V003320","2022/12/08 1500","0","117","37","245","35","0","0","35","5","362"
"V003320","2022/12/08 1600","0","98","32","281","34","0","0","33","9","379"
"V003320","2022/12/08 1700","0","124","33","261","34","0","0","33","7","385"
"V003320","2022/12/08 1800","0","148","34","267","33","0","0","34","10","415"
"V003320","2022/12/08 1900","0","127","33","255","33","0","0","33","10","382"
"V003320","2022/12/08 2000","0","106","36","169","34","0","0","35","6","275"
"V003320","2022/12/08 2100","0","84","33","186","33","0","0","33","5","270"
"V003320","2022/12/08 2200","0","99","34","202","32","0","0","33","9","301"
"V003320","2022/12/08 2300","0","67","35","114","35","0","0","35","4","181"
"V003320","2022/12/09 0000","0","36","23","80","31","0","0","28","4","116"
"V003320","2022/12/09 0100","0","28","39","50","37","0","0","38","1","78"
"V003320","2022/12/09 0200","0","18","25","40","33","0","0","30","4","58"
"V003320","2022/12/09 0300","0","14","32","32","36","0","0","35","2","46"
"V003320","2022/12/09 0400","0","11","32","33","39","0","0","37","2","44"
"V003320","2022/12/09 0500","0","12","33","25","37","0","0","36","1","37"
"V003320","2022/12/09 0600","0","27","34","51","37","0","0","36","2","78"
"V003320","2022/12/09 0700","0","69","31","133","34","0","0","33","4","202"
"V003320","2022/12/09 0800","0","92","35","164","35","0","0","36","4","256"
"V003320","2022/12/09 0900","0","143","36","207","37","0","0","36","6","350"
"V003320","2022/12/09 1000","0","114","31","175","33","0","0","32","6","289"
"V003320","2022/12/09 1100","0","129","32","226","32","0","0","32","8","355"
"V003320","2022/12/09 1200","0","125","34","202","34","0","0","33","7","327"
"V003320","2022/12/09 1300","0","139","35","225","35","0","0","34","7","364"
"V003320","2022/12/09 1400","0","105","33","274","33","0","0","33","6","379"
"V003320","2022/12/09 1500","0","89","33","280","34","0","0","34","7","369"
"V003320","2022/12/09 1600","0","105","36","249","35","0","0","35","7","354"
"V003320","2022/12/09 1700","0","91","31","282","32","0","0","32","10","373"
"V003320","2022/12/09 1800","0","138","32","250","32","0","0","32","10","388"
"V003320","2022/12/09 1900","0","98","33","268","32","0","0","32","10","366"
"V003320","2022/12/09 2000","0","105","32","251","31","0","0","32","7","356"
"V003320","2022/12/09 2100","0","74","30","217","32","0","0","32","7","291"
"V003320","2022/12/09 2200","0","100","33","244","32","0","0","33","10","344"
"V003320","2022/12/09 2300","0","76","30","201","32","0","0","31","9","277"
"V003320","2022/12/10 0000","0","59","30","113","32","0","0","31","5","172"
"V003320","2022/12/10 0100","0","31","31","72","36","0","0","34","1","103"
"V003320","2022/12/10 0200","0","31","31","49","38","0","0","35","2","80"
"V003320","2022/12/10 0300","0","33","32","39","37","0","0","35","2","72"
"V003320","2022/12/10 0400","0","16","30","42","35","0","0","34","2","58"
"V003320","2022/12/10 0500","0","18","31","36","37","0","0","34","3","54"
"V003320","2022/12/10 0600","0","30","32","72","34","0","0","34","2","102"
"V003320","2022/12/10 0700","0","69","35","119","36","0","0","36","5","188"
"V003320","2022/12/10 0800","0","87","33","128","35","0","0","34","8","215"
"V003320","2022/12/10 0900","0","100","32","161","33","0","0","32","5","261"
"V003320","2022/12/10 1000","0","141","35","125","34","0","0","34","8","266"
"V003320","2022/12/10 1100","0","138","32","201","31","0","0","31","11","339"
"V003320","2022/12/10 1200","0","147","34","216","33","0","0","33","8","363"
"V003320","2022/12/10 1300","0","123","32","186","33","0","0","32","9","309"
"V003320","2022/12/10 1400","0","84","30","257","32","0","0","32","10","341"
"V003320","2022/12/10 1500","0","85","32","226","33","0","0","33","7","311"
"V003320","2022/12/10 1600","0","96","35","215","35","0","0","35","6","311"
"V003320","2022/12/10 1700","0","100","33","240","33","0","0","32","11","340"
"V003320","2022/12/10 1800","0","116","33","237","32","0","0","32","8","353"
"V003320","2022/12/10 1900","0","121","34","217","34","0","0","34","7","338"
"V003320","2022/12/10 2000","0","131","37","212","34","0","0","35","6","343"
"V003320","2022/12/10 2100","0","91","35","205","33","0","0","34","4","296"
"V003320","2022/12/10 2200","0","79","35","200","33","0","0","34","6","279"
"V003320","2022/12/10 2300","0","69","33","166","33","0","0","33","6","235"
"V003320","2022/12/11 0000","0","54","31","132","33","0","0","32","5","186"
"V003320","2022/12/11 0100","0","39","31","88","35","0","0","33","3","127"
"V003320","2022/12/11 0200","0","37","37","37","36","0","0","37","3","74"
"V003320","2022/12/11 0300","0","22","30","39","36","0","0","34","3","61"
"V003320","2022/12/11 0400","0","10","31","33","37","0","0","35","1","43"
"V003320","2022/12/11 0500","0","18","36","32","39","0","0","38","1","50"
"V003320","2022/12/11 0600","0","36","39","58","38","0","0","39","2","94"
"V003320","2022/12/11 0700","0","55","31","97","35","0","0","34","3","152"
"V003320","2022/12/11 0800","0","59","32","109","34","0","0","33","3","168"
"V003320","2022/12/11 0900","0","93","35","140","34","0","0","35","5","233"
"V003320","2022/12/11 1000","0","146","38","140","37","0","0","37","6","286"
"V003320","2022/12/11 1100","0","137","33","157","31","0","0","32","10","294"
"V003320","2022/12/11 1200","0","144","34","177","35","0","0","34","7","321"
"V003320","2022/12/11 1300","0","132","33","219","32","0","0","32","10","351"
"V003320","2022/12/11 1400","0","91","31","238","34","0","0","33","6","329"
"V003320","2022/12/11 1500","0","85","32","261","33","0","0","33","5","346"
"V003320","2022/12/11 1600","0","91","34","275","34","0","0","34","7","366"
"V003320","2022/12/11 1700","0","95","32","240","33","0","0","33","6","335"
"V003320","2022/12/11 1800","0","108","33","224","33","0","0","32","8","332"
"V003320","2022/12/11 1900","0","100","33","233","33","0","0","33","7","333"
"V003320","2022/12/11 2000","0","87","33","264","33","0","0","33","7","351"
"V003320","2022/12/11 2100","0","93","33","196","32","0","0","33","7","289"
"V003320","2022/12/11 2200","0","76","33","220","32","0","0","32","7","296"
"V003320","2022/12/11 2300","0","66","31","116","32","0","0","32","7","182"
"V003320","2022/12/12 0000","0","29","29","65","33","0","0","32","3","94"
"V003320","2022/12/12 0100","0","27","30","40","36","0","0","34","3","67"
"V003320","2022/12/12 0200","0","16","46","33","43","0","0","44","1","49"
"V003320","2022/12/12 0300","0","11","39","17","39","0","0","39","1","28"
"V003320","2022/12/12 0400","0","15","41","30","39","0","0","39","1","45"
"V003320","2022/12/12 0500","0","10","40","13","40","0","0","40","1","23"
"V003320","2022/12/12 0600","0","30","39","24","38","0","0","39","2","54"
"V003320","2022/12/12 0700","0","32","28","108","34","0","0","33","4","140"
"V003320","2022/12/12 0800","0","100","34","189","34","0","0","34","6","289"
"V003320","2022/12/12 0900","0","77","31","203","32","0","0","32","6","280"
"V003320","2022/12/12 1000","0","71","31","201","32","0","0","32","6","272"
"V003320","2022/12/12 1100","0","104","35","201","34","0","0","34","5","305"
"V003320","2022/12/12 1200","0","143","35","216","34","0","0","35","6","359"
"V003320","2022/12/12 1300","0","82","29","246","31","0","0","31","7","328"
"V003320","2022/12/12 1400","0","107","37","233","34","0","0","34","6","340"
"V003320","2022/12/12 1500","0","82","32","242","33","0","0","32","6","324"
"V003320","2022/12/12 1600","0","110","34","279","32","0","0","33","9","389"
"V003320","2022/12/12 1700","0","113","33","273","33","0","0","33","9","386"
"V003320","2022/12/12 1800","0","124","33","240","33","0","0","33","8","364"
"V003320","2022/12/12 1900","0","99","30","275","32","0","0","31","11","374"
"V003320","2022/12/12 2000","0","82","32","255","32","0","0","32","8","337"
"V003320","2022/12/12 2100","0","63","29","229","31","0","0","31","7","292"
"V003320","2022/12/12 2200","0","107","33","205","34","0","0","33","6","312"
"V003320","2022/12/12 2300","0","55","29","110","33","0","0","31","7","165"
"V003320","2022/12/13 0000","0","41","31","84","33","0","0","32","4","125"
"V003320","2022/12/13 0100","0","19","28","48","31","0","0","30","3","67"
"V003320","2022/12/13 0200","0","15","32","23","37","0","0","35","2","38"
"V003320","2022/12/13 0300","0","14","35","18","35","0","0","35","1","32"
"V003320","2022/12/13 0400","0","9","38","24","38","0","0","38","1","33"
"V003320","2022/12/13 0500","0","12","41","26","39","0","0","40","1","38"
"V003320","2022/12/13 0600","0","26","37","52","38","0","0","38","2","78"
"V003320","2022/12/13 0700","0","70","34","114","35","0","0","35","4","184"
"V003320","2022/12/13 0800","0","113","32","239","35","0","0","34","9","352"
"V003320","2022/12/13 0900","0","109","35","186","34","0","0","34","7","295"
"V003320","2022/12/13 1000","0","128","34","183","32","0","0","33","9","311"
"V003320","2022/12/13 1100","0","152","33","202","32","0","0","32","8","354"
"V003320","2022/12/13 1200","0","131","32","233","32","0","0","32","9","364"
"V003320","2022/12/13 1300","0","116","34","226","33","0","0","34","7","342"
"V003320","2022/12/13 1400","0","96","31","251","32","0","0","32","8","347"
"V003320","2022/12/13 1500","0","87","31","276","33","0","0","33","7","363"
"V003320","2022/12/13 1600","0","108","32","274","33","0","0","32","7","382"
"V003320","2022/12/13 1700","0","112","32","299","33","0","0","32","10","411"
"V003320","2022/12/13 1800","0","175","35","290","33","0","0","34","10","465"
"V003320","2022/12/13 1900","0","159","32","323","33","0","0","32","11","482"
"V003320","2022/12/13 2000","0","114","31","260","32","0","0","32","10","374"
"V003320","2022/12/13 2100","0","100","33","199","33","0","0","33","6","299"
"V003320","2022/12/13 2200","0","84","31","213","33","0","0","33","8","297"
"V003320","2022/12/13 2300","0","62","36","126","34","0","0","35","6","188"
"V003320","2022/12/14 0000","0","32","31","84","33","0","0","32","3","116"
"V003320","2022/12/14 0100","0","31","33","60","37","0","0","35","3","91"
"V003320","2022/12/14 0200","0","15","34","31","37","0","0","36","1","46"
"V003320","2022/12/14 0300","0","18","39","30","41","0","0","40","2","48"
"V003320","2022/12/14 0400","0","18","38","27","41","0","0","40","1","45"
"V003320","2022/12/14 0500","0","13","30","28","35","0","0","33","3","41"
"V003320","2022/12/14 0600","0","26","35","43","37","0","0","36","1","69"
"V003320","2022/12/14 0700","0","68","34","121","35","0","0","34","3","189"
"V003320","2022/12/14 0800","0","150","38","204","35","0","0","36","6","354"
"V003320","2022/12/14 0900","0","145","34","219","34","0","0","34","12","364"
"V003320","2022/12/14 1000","0","116","34","230","32","0","0","32","7","346"
"V003320","2022/12/14 1100","0","130","36","219","34","0","0","34","10","349"
"V003320","2022/12/14 1200","0","120","33","242","33","0","0","33","7","362"
"V003320","2022/12/14 1300","0","159","35","253","35","0","0","35","7","412"
"V003320","2022/12/14 1400","0","95","32","258","34","0","0","32","6","353"
"V003320","2022/12/14 1500","0","87","30","266","32","0","0","31","7","353"
"V003320","2022/12/14 1600","0","59","32","122","34","0","0","33","6","181"
"V003320","2022/12/14 1700","0","119","32","218","33","0","0","32","10","337"
"V003320","2022/12/14 1800","0","153","35","265","35","0","0","35","10","418"
"V003320","2022/12/14 1900","0","176","36","266","35","0","0","36","8","442"
"V003320","2022/12/14 2000","0","115","32","276","31","0","0","31","7","391"
"V003320","2022/12/14 2100","0","124","35","216","35","0","0","35","6","340"
"V003320","2022/12/14 2200","0","92","32","184","33","0","0","33","5","276"
"V003320","2022/12/14 2300","0","81","31","139","33","0","0","32","6","220"
"V003320","2022/12/15 0000","0","40","37","77","34","0","0","35","3","117"
"V003320","2022/12/15 0100","0","37","32","46","35","0","0","33","3","83"
"V003320","2022/12/15 0200","0","21","32","34","36","0","0","34","2","55"
"V003320","2022/12/15 0300","0","20","40","31","39","0","0","39","1","51"
"V003320","2022/12/15 0400","0","13","41","9","40","0","0","40","1","22"
"V003320","2022/12/15 0500","0","9","31","26","38","0","0","36","2","35"
"V003320","2022/12/15 0600","0","29","33","62","35","0","0","34","2","91"
"V003320","2022/12/15 0700","0","68","31","124","34","0","0","33","5","192"
"V003320","2022/12/15 0800","0","122","34","221","35","0","0","34","8","343"
"V003320","2022/12/15 0900","0","137","35","204","35","0","0","35","6","341"
"V003320","2022/12/15 1000","0","144","37","159","35","0","0","36","6","303"
"V003320","2022/12/15 1100","0","139","32","227","31","0","0","32","12","366"
"V003320","2022/12/15 1200","0","129","35","235","33","0","0","34","7","364"
"V003320","2022/12/15 1300","0","128","31","254","32","0","0","32","8","382"
"V003320","2022/12/15 1400","0","86","32","258","33","0","0","33","6","344"
"V003320","2022/12/15 1500","0","89","31","255","33","0","0","33","5","344"
"V003320","2022/12/15 1600","0","99","32","253","33","0","0","32","8","352"
"V003320","2022/12/15 1700","0","143","32","245","33","0","0","32","10","388"
"V003320","2022/12/15 1800","0","109","33","262","32","0","0","32","10","371"
"V003320","2022/12/15 1900","0","146","36","234","34","0","0","35","8","380"
"V003320","2022/12/15 2000","0","120","35","208","32","0","0","33","6","328"
"V003320","2022/12/15 2100","0","105","35","181","34","0","0","34","6","286"
"V003320","2022/12/15 2200","0","91","33","205","33","0","0","32","6","296"
"V003320","2022/12/15 2300","0","62","32","134","32","0","0","32","6","196"
"V003320","2022/12/16 0000","0","42","27","99","31","0","0","30","5","141"
"V003320","2022/12/16 0100","0","31","30","66","34","0","0","32","4","97"
"V003320","2022/12/16 0200","0","18","28","33","37","0","0","34","3","51"
"V003320","2022/12/16 0300","0","21","37","31","41","0","0","39","1","52"
"V003320","2022/12/16 0400","0","20","35","21","38","0","0","37","1","41"
"V003320","2022/12/16 0500","0","14","39","28","38","0","0","39","1","42"
"V003320","2022/12/16 0600","0","24","36","56","35","0","0","35","2","80"
"V003320","2022/12/16 0700","0","75","32","130","34","0","0","34","6","205"
"V003320","2022/12/16 0800","0","148","34","207","33","0","0","33","8","355"
"V003320","2022/12/16 0900","0","151","34","189","35","0","0","35","7","340"
"V003320","2022/12/16 1000","0","120","29","191","32","0","0","31","9","311"
"V003320","2022/12/16 1100","0","119","32","213","32","0","0","32","7","332"
"V003320","2022/12/16 1200","0","167","34","260","34","0","0","34","8","427"
"V003320","2022/12/16 1300","0","122","32","251","33","0","0","33","8","373"
"V003320","2022/12/16 1400","0","115","33","275","33","0","0","33","8","390"
"V003320","2022/12/16 1500","0","114","34","288","35","0","0","34","5","402"
"V003320","2022/12/16 1600","0","104","33","370","33","0","0","33","9","474"
"V003320","2022/12/16 1700","0","136","33","298","33","0","0","33","12","434"
"V003320","2022/12/16 1800","0","141","33","287","32","0","0","32","13","428"
"V003320","2022/12/16 1900","0","142","34","275","31","0","0","32","11","417"
"V003320","2022/12/16 2000","0","122","34","274","33","0","0","33","11","396"
"V003320","2022/12/16 2100","0","95","30","238","32","0","0","31","5","333"
"V003320","2022/12/16 2200","0","96","34","209","33","0","0","32","7","305"
"V003320","2022/12/16 2300","0","94","33","180","34","0","0","33","7","274"
"V003320","2022/12/17 0000","0","35","29","105","31","0","0","31","6","140"
"V003320","2022/12/17 0100","0","52","31","83","34","0","0","33","3","135"
"V003320","2022/12/17 0200","0","28","36","44","38","0","0","37","1","72"
"V003320","2022/12/17 0300","0","22","36","37","38","0","0","36","1","59"
"V003320","2022/12/17 0400","0","17","41","28","41","0","0","41","1","45"
"V003320","2022/12/17 0500","0","17","35","26","41","0","0","39","1","43"
"V003320","2022/12/17 0600","0","33","32","63","34","0","0","33","3","96"
"V003320","2022/12/17 0700","0","80","36","106","35","0","0","35","6","186"
"V003320","2022/12/17 0800","0","124","35","170","33","0","0","34","9","294"
"V003320","2022/12/17 0900","0","143","35","181","33","0","0","34","9","324"
"V003320","2022/12/17 1000","0","183","35","204","35","0","0","35","11","387"
"V003320","2022/12/17 1100","0","245","39","272","36","0","0","38","9","517"
"V003320","2022/12/17 1200","0","185","36","274","35","0","0","35","9","459"
"V003320","2022/12/17 1300","0","160","35","288","33","0","0","33","10","448"
"V003320","2022/12/17 1400","0","88","34","319","34","0","0","34","6","407"
"V003320","2022/12/17 1500","0","89","33","265","34","0","0","33","5","354"
"V003320","2022/12/17 1600","0","124","33","303","33","0","0","33","8","427"
"V003320","2022/12/17 1700","0","125","33","320","32","0","0","33","9","445"
"V003320","2022/12/17 1800","0","112","33","268","33","0","0","33","11","380"
"V003320","2022/12/17 1900","0","127","35","290","32","0","0","33","10","417"
"V003320","2022/12/17 2000","0","92","33","248","33","0","0","33","6","340"
"V003320","2022/12/17 2100","0","112","34","275","33","0","0","34","7","387"
"V003320","2022/12/17 2200","0","86","33","268","33","0","0","33","7","354"
"V003320","2022/12/17 2300","0","72","29","204","31","0","0","30","9","276"
"V003320","2022/12/18 0000","0","49","32","107","33","0","0","33","4","156"
"V003320","2022/12/18 0100","0","33","33","59","35","0","0","35","2","92"
"V003320","2022/12/18 0200","0","26","32","53","35","0","0","34","2","79"
"V003320","2022/12/18 0300","0","14","34","46","37","0","0","36","2","60"
"V003320","2022/12/18 0400","0","15","34","28","37","0","0","36","2","43"
"V003320","2022/12/18 0500","0","11","33","33","37","0","0","36","1","44"
"V003320","2022/12/18 0600","0","37","30","61","38","0","0","35","3","98"
"V003320","2022/12/18 0700","0","47","32","96","35","0","0","34","3","143"
"V003320","2022/12/18 0800","0","90","34","147","33","0","0","33","6","237"
"V003320","2022/12/18 0900","0","135","37","151","34","0","0","36","7","286"
"V003320","2022/12/18 1000","0","157","37","162","36","0","0","37","7","319"
"V003320","2022/12/18 1100","0","191","37","183","36","0","0","36","8","374"
"V003320","2022/12/18 1200","0","194","38","180","37","0","0","37","8","374"
"V003320","2022/12/18 1300","0","127","37","242","35","0","0","36","7","369"
"V003320","2022/12/18 1400","0","101","31","289","33","0","0","33","8","390"
"V003320","2022/12/18 1500","0","89","35","238","34","0","0","34","6","327"
"V003320","2022/12/18 1600","0","106","33","300","33","0","0","33","6","406"
"V003320","2022/12/18 1700","0","87","32","323","33","0","0","33","7","410"
"V003320","2022/12/18 1800","0","126","35","278","33","0","0","33","7","404"
"V003320","2022/12/18 1900","0","95","31","291","32","0","0","32","9","386"
"V003320","2022/12/18 2000","0","85","33","241","31","0","0","32","6","326"
"V003320","2022/12/18 2100","0","101","33","260","33","0","0","32","7","361"
"V003320","2022/12/18 2200","0","90","34","218","33","0","0","33","6","308"
"V003320","2022/12/18 2300","0","54","27","171","30","0","0","29","6","225"
"V003320","2022/12/19 0000","0","37","31","72","33","0","0","32","4","109"
"V003320","2022/12/19 0100","0","21","39","39","36","0","0","36","2","60"
"V003320","2022/12/19 0200","0","18","36","32","42","0","0","40","1","50"
"V003320","2022/12/19 0300","0","13","35","38","37","0","0","36","3","51"
"V003320","2022/12/19 0400","0","13","35","21","38","0","0","37","2","34"
"V003320","2022/12/19 0500","0","5","26","23","35","0","0","34","2","28"
"V003320","2022/12/19 0600","0","26","35","27","36","0","0","35","1","53"
"V003320","2022/12/19 0700","0","50","30","105","34","0","0","32","4","155"
"V003320","2022/12/19 0800","0","117","36","219","35","0","0","35","5","336"
"V003320","2022/12/19 0900","0","74","30","220","32","0","0","31","8","294"
"V003320","2022/12/19 1000","0","95","33","215","33","0","0","32","6","310"
"V003320","2022/12/19 1100","0","91","35","211","34","0","0","34","6","302"
"V003320","2022/12/19 1200","0","126","32","268","32","0","0","32","10","394"
"V003320","2022/12/19 1300","0","112","32","275","32","0","0","33","9","387"
"V003320","2022/12/19 1400","0","76","30","256","33","0","0","32","5","332"
"V003320","2022/12/19 1500","0","90","32","270","33","0","0","32","7","360"
"V003320","2022/12/19 1600","0","121","34","283","34","0","0","34","8","404"
"V003320","2022/12/19 1700","0","113","31","249","31","0","0","31","11","362"
"V003320","2022/12/19 1800","0","151","32","251","32","0","0","32","14","402"
"V003320","2022/12/19 1900","0","151","33","306","32","0","0","33","12","457"
"V003320","2022/12/19 2000","0","105","33","241","31","0","0","32","8","346"
"V003320","2022/12/19 2100","0","112","34","218","33","0","0","33","7","330"
"V003320","2022/12/19 2200","0","68","27","246","29","0","0","28","13","314"
"V003320","2022/12/19 2300","0","73","31","117","34","0","0","33","7","190"
"V003320","2022/12/20 0000","0","40","31","73","34","0","0","32","3","113"
"V003320","2022/12/20 0100","0","35","28","80","33","0","0","31","4","115"
"V003320","2022/12/20 0200","0","13","32","35","39","0","0","37","1","48"
"V003320","2022/12/20 0300","0","20","32","38","34","0","0","33","3","58"
"V003320","2022/12/20 0400","0","15","39","25","39","0","0","38","2","40"
"V003320","2022/12/20 0500","0","19","33","30","39","0","0","36","2","49"
"V003320","2022/12/20 0600","0","28","30","53","34","0","0","33","2","81"
"V003320","2022/12/20 0700","0","64","34","122","34","0","0","33","4","186"
"V003320","2022/12/20 0800","0","102","35","217","33","0","0","34","5","319"
"V003320","2022/12/20 0900","0","128","31","207","31","0","0","31","9","335"
"V003320","2022/12/20 1000","0","116","32","199","33","0","0","33","7","315"
"V003320","2022/12/20 1100","0","176","34","212","32","0","0","32","10","388"
"V003320","2022/12/20 1200","0","125","32","228","32","0","0","32","9","353"
"V003320","2022/12/20 1300","0","111","30","242","32","0","0","31","7","353"
"V003320","2022/12/20 1400","0","90","31","240","34","0","0","33","7","330"
"V003320","2022/12/20 1500","0","98","32","281","33","0","0","33","6","379"
"V003320","2022/12/20 1600","0","95","33","291","33","0","0","32","10","386"
"V003320","2022/12/20 1700","0","94","29","289","31","0","0","30","9","383"
"V003320","2022/12/20 1800","0","142","33","205","33","0","0","33","11","347"
"V003320","2022/12/20 1900","0","158","33","303","33","0","0","33","10","461"
"V003320","2022/12/20 2000","0","131","32","243","32","0","0","32","9","374"
"V003320","2022/12/20 2100","0","68","28","235","31","0","0","30","10","303"
"V003320","2022/12/20 2200","0","104","32","215","33","0","0","33","7","319"
"V003320","2022/12/20 2300","0","48","29","147","30","0","0","30","7","195"
"V003320","2022/12/21 0000","0","37","31","67","35","0","0","33","4","104"
"V003320","2022/12/21 0100","0","25","25","53","33","0","0","30","5","78"
"V003320","2022/12/21 0200","0","24","32","32","36","0","0","34","1","56"
"V003320","2022/12/21 0300","0","14","31","27","38","0","0","35","2","41"
"V003320","2022/12/21 0400","0","23","35","19","39","0","0","37","1","42"
"V003320","2022/12/21 0500","0","15","44","22","39","0","0","41","0","37"
"V003320","2022/12/21 0600","0","33","42","50","37","0","0","39","1","83"
"V003320","2022/12/21 0700","0","53","37","109","35","0","0","36","3","162"
"V003320","2022/12/21 0800","0","150","36","176","36","0","0","35","6","326"
"V003320","2022/12/21 0900","0","136","34","187","32","0","0","33","10","323"
"V003320","2022/12/21 1000","0","129","30","246","32","0","0","31","10","375"
"V003320","2022/12/21 1100","0","147","30","197","30","0","0","30","10","344"
"V003320","2022/12/21 1200","0","148","36","196","34","0","0","35","9","344"
"V003320","2022/12/21 1300","0","150","31","241","33","0","0","32","10","391"
"V003320","2022/12/21 1400","0","105","30","273","33","0","0","32","8","378"
"V003320","2022/12/21 1500","0","96","31","256","33","0","0","32","10","352"
"V003320","2022/12/21 1600","0","128","31","317","32","0","0","32","11","445"
"V003320","2022/12/21 1700","0","104","33","310","33","0","0","33","8","414"
"V003320","2022/12/21 1800","0","178","36","271","34","0","0","35","10","449"
"V003320","2022/12/21 1900","0","118","31","256","31","0","0","31","10","374"
"V003320","2022/12/21 2000","0","121","33","261","32","0","0","32","7","382"
"V003320","2022/12/21 2100","0","82","31","251","32","0","0","32","8","333"
"V003320","2022/12/21 2200","0","87","33","217","32","0","0","32","8","304"
"V003320","2022/12/21 2300","0","57","29","120","33","0","0","31","5","177"
"V003320","2022/12/22 0000","0","42","29","81","33","0","0","31","5","123"
"V003320","2022/12/22 0100","0","38","32","70","35","0","0","34","3","108"
"V003320","2022/12/22 0200","0","24","36","44","38","0","0","37","2","68"
"V003320","2022/12/22 0300","0","19","44","31","38","0","0","40","1","50"
"V003320","2022/12/22 0400","0","13","41","24","38","0","0","38","1","37"
"V003320","2022/12/22 0500","0","19","37","23","39","0","0","38","1","42"
"V003320","2022/12/22 0600","0","31","35","53","37","0","0","36","2","84"
"V003320","2022/12/22 0700","0","70","35","124","36","0","0","36","7","194"
"V003320","2022/12/22 0800","0","160","37","201","36","0","0","36","6","361"
"V003320","2022/12/22 0900","0","139","33","225","34","0","0","33","8","364"
"V003320","2022/12/22 1000","0","149","33","197","33","0","0","33","9","346"
"V003320","2022/12/22 1100","0","114","34","202","33","0","0","33","10","316"
"V003320","2022/12/22 1200","0","162","35","250","33","0","0","34","11","412"
"V003320","2022/12/22 1300","0","152","30","237","30","0","0","30","13","389"
"V003320","2022/12/22 1400","0","106","33","245","33","0","0","32","10","351"
"V003320","2022/12/22 1500","0","120","33","286","34","0","0","33","8","406"
"V003320","2022/12/22 1600","0","100","31","275","34","0","0","32","8","375"
"V003320","2022/12/22 1700","0","128","34","302","34","0","0","34","9","430"
"V003320","2022/12/22 1800","0","160","35","270","34","0","0","34","8","430"
"V003320","2022/12/22 1900","0","149","33","238","32","0","0","32","13","387"
"V003320","2022/12/22 2000","0","119","31","203","32","0","0","32","8","322"
"V003320","2022/12/22 2100","0","105","31","268","32","0","0","31","9","373"
"V003320","2022/12/22 2200","0","65","29","222","31","0","0","30","9","287"
"V003320","2022/12/22 2300","0","63","32","168","34","0","0","33","6","231"
"V003320","2022/12/23 0000","0","43","28","96","32","0","0","31","3","139"
"V003320","2022/12/23 0100","0","40","36","57","36","0","0","36","2","97"
"V003320","2022/12/23 0200","0","22","39","27","41","0","0","40","1","49"
"V003320","2022/12/23 0300","0","19","44","22","41","0","0","42","1","41"
"V003320","2022/12/23 0400","0","18","40","17","37","0","0","38","1","35"
"V003320","2022/12/23 0500","0","14","37","24","38","0","0","37","1","38"
"V003320","2022/12/23 0600","0","24","34","58","36","0","0","35","3","82"
"V003320","2022/12/23 0700","0","56","32","134","35","0","0","34","4","190"
"V003320","2022/12/23 0800","0","126","35","238","35","0","0","34","7","364"
"V003320","2022/12/23 0900","0","127","31","223","33","0","0","32","7","350"
"V003320","2022/12/23 1000","0","121","32","233","32","0","0","31","9","354"
"V003320","2022/12/23 1100","0","146","33","264","32","0","0","32","11","410"
"V003320","2022/12/23 1200","0","162","35","239","34","0","0","35","10","401"
"V003320","2022/12/23 1300","0","153","34","287","32","0","0","33","14","440"
"V003320","2022/12/23 1400","0","109","33","271","32","0","0","33","8","380"
"V003320","2022/12/23 1500","0","115","35","253","35","0","0","34","8","368"
"V003320","2022/12/23 1600","0","137","34","318","34","0","0","33","12","455"
"V003320","2022/12/23 1700","0","152","37","299","35","0","0","35","8","451"
"V003320","2022/12/23 1800","0","155","35","277","34","0","0","34","10","432"
"V003320","2022/12/23 1900","0","157","34","265","33","0","0","33","11","422"
"V003320","2022/12/23 2000","0","147","36","270","35","0","0","35","9","417"
"V003320","2022/12/23 2100","0","143","36","231","34","0","0","34","8","374"
"V003320","2022/12/23 2200","0","117","34","231","33","0","0","33","7","348"
"V003320","2022/12/23 2300","0","97","33","150","33","0","0","33","7","247"
"V003320","2022/12/24 0000","0","60","30","126","33","0","0","32","4","186"
"V003320","2022/12/24 0100","0","44","31","70","34","0","0","33","4","114"
"V003320","2022/12/24 0200","0","24","37","50","37","0","0","38","2","74"
"V003320","2022/12/24 0300","0","24","37","34","36","0","0","37","3","58"
"V003320","2022/12/24 0400","0","17","36","36","39","0","0","38","1","53"
"V003320","2022/12/24 0500","0","18","42","25","40","0","0","40","3","43"
"V003320","2022/12/24 0600","0","29","32","64","36","0","0","34","1","93"
"V003320","2022/12/24 0700","0","65","32","112","36","0","0","35","4","177"
"V003320","2022/12/24 0800","0","97","35","158","36","0","0","35","7","255"
"V003320","2022/12/24 0900","0","112","35","179","36","0","0","36","6","291"
"V003320","2022/12/24 1000","0","173","34","180","34","0","0","34","8","353"
"V003320","2022/12/24 1100","0","178","35","188","32","0","0","34","12","366"
"V003320","2022/12/24 1200","0","207","38","204","35","0","0","37","12","411"
"V003320","2022/12/24 1300","0","150","30","280","30","0","0","30","13","430"
"V003320","2022/12/24 1400","0","114","31","293","32","0","0","32","9","407"
"V003320","2022/12/24 1500","0","99","33","266","35","0","0","34","8","365"
"V003320","2022/12/24 1600","0","97","33","231","33","0","0","33","7","328"
"V003320","2022/12/24 1700","0","101","33","260","33","0","0","33","8","361"
"V003320","2022/12/24 1800","0","113","36","250","35","0","0","35","7","363"
"V003320","2022/12/24 1900","0","124","35","234","33","0","0","33","10","358"
"V003320","2022/12/24 2000","0","131","34","219","33","0","0","33","11","350"
"V003320","2022/12/24 2100","0","68","32","197","32","0","0","32","7","265"
"V003320","2022/12/24 2200","0","106","31","229","33","0","0","31","8","335"
"V003320","2022/12/24 2300","0","90","33","169","34","0","0","34","5","259"
"V003320","2022/12/25 0000","0","52","29","124","34","0","0","32","6","176"
"V003320","2022/12/25 0100","0","44","34","84","35","0","0","35","4","128"
"V003320","2022/12/25 0200","0","34","32","45","35","0","0","33","3","79"
"V003320","2022/12/25 0300","0","14","35","37","37","0","0","37","1","51"
"V003320","2022/12/25 0400","0","21","38","24","39","0","0","39","1","45"
"V003320","2022/12/25 0500","0","20","42","30","40","0","0","40","1","50"
"V003320","2022/12/25 0600","0","35","41","47","37","0","0","39","1","82"
"V003320","2022/12/25 0700","0","53","31","89","35","0","0","33","5","142"
"V003320","2022/12/25 0800","0","67","35","108","34","0","0","35","6","175"
"V003320","2022/12/25 0900","0","84","34","137","36","0","0","35","5","221"
"V003320","2022/12/25 1000","0","128","33","184","32","0","0","33","7","312"
"V003320","2022/12/25 1100","0","142","38","122","37","0","0","37","6","264"
"V003320","2022/12/25 1200","0","144","34","186","33","0","0","33","8","330"
"V003320","2022/12/25 1300","0","130","30","212","31","0","0","31","9","342"
"V003320","2022/12/25 1400","0","127","36","230","35","0","0","35","7","357"
"V003320","2022/12/25 1500","0","97","32","257","35","0","0","34","7","354"
"V003320","2022/12/25 1600","0","94","33","280","34","0","0","33","8","374"
"V003320","2022/12/25 1700","0","95","34","225","32","0","0","33","7","320"
"V003320","2022/12/25 1800","0","107","33","265","33","0","0","33","7","372"
"V003320","2022/12/25 1900","0","98","31","254","32","0","0","31","7","352"
"V003320","2022/12/25 2000","0","101","32","214","33","0","0","32","9","315"
"V003320","2022/12/25 2100","0","95","31","225","32","0","0","31","6","320"
"V003320","2022/12/25 2200","0","74","31","228","33","0","0","32","7","302"
"V003320","2022/12/25 2300","0","61","26","144","31","0","0","30","7","205"
"V003320","2022/12/26 0000","0","36","26","97","33","0","0","31","4","133"
"V003320","2022/12/26 0100","0","32","29","64","33","0","0","32","5","96"
"V003320","2022/12/26 0200","0","17","35","31","34","0","0","35","1","48"
"V003320","2022/12/26 0300","0","16","39","24","38","0","0","38","2","40"
"V003320","2022/12/26 0400","0","8","34","16","37","0","0","36","1","24"
"V003320","2022/12/26 0500","0","7","44","23","41","0","0","41","1","30"
"V003320","2022/12/26 0600","0","12","43","32","38","0","0","39","1","44"
"V003320","2022/12/26 0700","0","64","36","102","37","0","0","37","4","166"
"V003320","2022/12/26 0800","0","122","35","200","36","0","0","36","6","322"
"V003320","2022/12/26 0900","0","89","34","206","34","0","0","35","7","295"
"V003320","2022/12/26 1000","0","115","32","226","34","0","0","34","7","341"
"V003320","2022/12/26 1100","0","84","32","198","32","0","0","32","6","282"
"V003320","2022/12/26 1200","0","162","32","250","33","0","0","32","9","412"
"V003320","2022/12/26 1300","0","125","33","263","33","0","0","33","11","388"
"V003320","2022/12/26 1400","0","103","34","288","33","0","0","33","10","391"
"V003320","2022/12/26 1500","0","95","33","251","33","0","0","33","8","346"
"V003320","2022/12/26 1600","0","125","32","275","32","0","0","32","8","400"
"V003320","2022/12/26 1700","0","104","32","288","32","0","0","31","10","392"
"V003320","2022/12/26 1800","0","166","36","242","34","0","0","35","9","408"
"V003320","2022/12/26 1900","0","154","34","311","32","0","0","33","11","465"
"V003320","2022/12/26 2000","0","121","34","248","32","0","0","33","8","369"
"V003320","2022/12/26 2100","0","127","34","247","33","0","0","33","11","374"
"V003320","2022/12/26 2200","0","100","36","189","33","0","0","34","7","289"
"V003320","2022/12/26 2300","0","77","33","132","33","0","0","33","4","209"
"V003320","2022/12/27 0000","0","64","37","79","37","0","0","37","4","143"
"V003320","2022/12/27 0100","0","21","29","50","34","0","0","32","2","71"
"V003320","2022/12/27 0200","0","25","37","45","39","0","0","38","2","70"
"V003320","2022/12/27 0300","0","12","29","20","35","0","0","33","3","32"
"V003320","2022/12/27 0400","0","12","39","22","39","0","0","38","1","34"
"V003320","2022/12/27 0500","0","19","41","23","36","0","0","38","2","42"
"V003320","2022/12/27 0600","0","34","37","49","37","0","0","37","1","83"
"V003320","2022/12/27 0700","0","64","32","141","34","0","0","33","5","205"
"V003320","2022/12/27 0800","0","121","35","231","35","0","0","35","6","352"
"V003320","2022/12/27 0900","0","133","32","202","33","0","0","33","9","335"
"V003320","2022/12/27 1000","0","130","32","169","33","0","0","33","7","299"
"V003320","2022/12/27 1100","0","128","33","189","33","0","0","33","9","317"
"V003320","2022/12/27 1200","0","134","32","255","31","0","0","31","12","389"
"V003320","2022/12/27 1300","0","155","35","205","31","0","0","33","10","360"
"V003320","2022/12/27 1400","0","87","31","281","32","0","0","32","9","368"
"V003320","2022/12/27 1500","0","75","32","238","33","0","0","33","7","313"
"V003320","2022/12/27 1600","0","108","29","294","32","0","0","32","11","402"
"V003320","2022/12/27 1700","0","109","33","324","33","0","0","33","8","433"
"V003320","2022/12/27 1800","0","108","31","265","32","0","0","31","10","373"
"V003320","2022/12/27 1900","0","107","33","252","33","0","0","33","8","359"
"V003320","2022/12/27 2000","0","110","34","183","33","0","0","33","9","293"
"V003320","2022/12/27 2100","0","115","33","215","33","0","0","32","9","330"
"V003320","2022/12/27 2200","0","138","36","220","34","0","0","35","8","358"
"V003320","2022/12/27 2300","0","78","28","165","31","0","0","30","9","243"
"V003320","2022/12/28 0000","0","43","27","92","31","0","0","30","7","135"
"V003320","2022/12/28 0100","0","35","29","46","32","0","0","31","4","81"
"V003320","2022/12/28 0200","0","34","42","34","39","0","0","40","1","68"
"V003320","2022/12/28 0300","0","9","50","25","42","0","0","44","1","34"
"V003320","2022/12/28 0400","0","18","44","16","40","0","0","42","1","34"
"V003320","2022/12/28 0500","0","12","43","32","39","0","0","39","1","44"
"V003320","2022/12/28 0600","0","27","31","52","35","0","0","33","3","79"
"V003320","2022/12/28 0700","0","54","30","125","34","0","0","32","5","179"
"V003320","2022/12/28 0800","0","142","35","218","35","0","0","35","6","360"
"V003320","2022/12/28 0900","0","125","34","174","35","0","0","34","8","299"
"V003320","2022/12/28 1000","0","114","33","235","33","0","0","33","8","349"
"V003320","2022/12/28 1100","0","133","34","197","34","0","0","34","9","330"
"V003320","2022/12/28 1200","0","114","31","212","32","0","0","31","8","326"
"V003320","2022/12/28 1300","0","123","31","264","32","0","0","32","9","387"
"V003320","2022/12/28 1400","0","101","30","236","34","0","0","33","8","337"
"V003320","2022/12/28 1500","0","108","33","263","34","0","0","33","7","371"
"V003320","2022/12/28 1600","0","99","31","293","33","0","0","32","10","392"
"V003320","2022/12/28 1700","0","112","32","306","32","0","0","33","8","418"
"V003320","2022/12/28 1800","0","127","37","247","34","0","0","35","10","374"
"V003320","2022/12/28 1900","0","131","34","318","32","0","0","32","12","449"
"V003320","2022/12/28 2000","0","137","32","227","32","0","0","32","8","364"
"V003320","2022/12/28 2100","0","103","34","241","33","0","0","33","7","344"
"V003320","2022/12/28 2200","0","86","32","226","32","0","0","32","7","312"
"V003320","2022/12/28 2300","0","70","33","143","34","0","0","34","3","213"
"V003320","2022/12/29 0000","0","50","33","70","34","0","0","34","4","120"
"V003320","2022/12/29 0100","0","28","34","64","36","0","0","36","2","92"
"V003320","2022/12/29 0200","0","24","39","31","40","0","0","39","1","55"
"V003320","2022/12/29 0300","0","19","42","31","41","0","0","41","1","50"
"V003320","2022/12/29 0400","0","12","32","24","36","0","0","34","4","36"
"V003320","2022/12/29 0500","0","9","33","24","36","0","0","35","1","33"
"V003320","2022/12/29 0600","0","31","33","49","36","0","0","35","1","80"
"V003320","2022/12/29 0700","0","71","34","112","35","0","0","35","3","183"
"V003320","2022/12/29 0800","0","118","34","241","33","0","0","34","7","359"
"V003320","2022/12/29 0900","0","127","33","208","34","0","0","34","8","335"
"V003320","2022/12/29 1000","0","125","34","225","33","0","0","34","6","350"
"V003320","2022/12/29 1100","0","110","31","240","32","0","0","32","8","350"
"V003320","2022/12/29 1200","0","153","32","204","31","0","0","31","10","357"
"V003320","2022/12/29 1300","0","153","34","266","33","0","0","33","11","419"
"V003320","2022/12/29 1400","0","99","30","263","34","0","0","33","7","362"
"V003320","2022/12/29 1500","0","95","34","266","34","0","0","33","7","361"
"V003320","2022/12/29 1600","0","107","32","249","33","0","0","32","9","356"
"V003320","2022/12/29 1700","0","105","32","255","34","0","0","34","9","360"
"V003320","2022/12/29 1800","0","164","38","257","35","0","0","36","10","421"
"V003320","2022/12/29 1900","0","124","33","233","32","0","0","32","12","357"
"V003320","2022/12/29 2000","0","108","30","223","31","0","0","31","9","331"
"V003320","2022/12/29 2100","0","107","30","230","32","0","0","31","8","337"
"V003320","2022/12/29 2200","0","59","30","171","33","0","0","32","6","230"
"V003320","2022/12/29 2300","0","77","32","188","33","0","0","32","6","265"
"V003320","2022/12/30 0000","0","42","30","84","33","0","0","32","3","126"
"V003320","2022/12/30 0100","0","40","32","61","35","0","0","34","4","101"
"V003320","2022/12/30 0200","0","18","30","39","34","0","0","33","6","57"
"V003320","2022/12/30 0300","0","18","30","30","34","0","0","33","3","48"
"V003320","2022/12/30 0400","0","18","34","27","40","0","0","37","1","45"
"V003320","2022/12/30 0500","0","6","35","26","37","0","0","36","1","32"
"V003320","2022/12/30 0600","0","31","38","48","39","0","0","38","1","79"
"V003320","2022/12/30 0700","0","60","34","109","35","0","0","34","5","169"
"V003320","2022/12/30 0800","0","102","33","218","34","0","0","34","7","320"
"V003320","2022/12/30 0900","0","118","30","231","31","0","0","31","7","349"
"V003320","2022/12/30 1000","0","137","32","199","33","0","0","33","8","336"
"V003320","2022/12/30 1100","0","149","33","203","34","0","0","33","8","352"
"V003320","2022/12/30 1200","0","134","31","237","31","0","0","31","13","371"
"V003320","2022/12/30 1300","0","124","34","253","33","0","0","33","8","377"
"V003320","2022/12/30 1400","0","99","33","212","33","0","0","32","11","311"
"V003320","2022/12/30 1500","0","91","33","237","33","0","0","32","9","328"
"V003320","2022/12/30 1600","0","130","35","306","34","0","0","33","9","436"
"V003320","2022/12/30 1700","0","117","31","377","32","0","0","31","14","494"
"V003320","2022/12/30 1800","0","109","31","278","30","0","0","30","12","387"
"V003320","2022/12/30 1900","0","127","33","299","33","0","0","33","12","426"
"V003320","2022/12/30 2000","0","115","30","288","31","0","0","31","11","403"
"V003320","2022/12/30 2100","0","108","29","257","30","0","0","30","11","365"
"V003320","2022/12/30 2200","0","87","30","271","32","0","0","31","8","358"
"V003320","2022/12/30 2300","0","75","31","192","33","0","0","32","7","267"
"V003320","2022/12/31 0000","0","55","33","115","34","0","0","35","3","170"
"V003320","2022/12/31 0100","0","54","33","97","35","0","0","34","5","151"
"V003320","2022/12/31 0200","0","34","35","55","37","0","0","37","2","89"
"V003320","2022/12/31 0300","0","23","32","38","35","0","0","34","2","61"
"V003320","2022/12/31 0400","0","13","33","29","36","0","0","35","3","42"
"V003320","2022/12/31 0500","0","25","35","33","36","0","0","35","2","58"
"V003320","2022/12/31 0600","0","32","36","60","37","0","0","37","1","92"
"V003320","2022/12/31 0700","0","53","28","133","33","0","0","32","6","186"
"V003320","2022/12/31 0800","0","91","33","130","34","0","0","34","6","221"
"V003320","2022/12/31 0900","0","127","35","168","33","0","0","34","5","295"
"V003320","2022/12/31 1000","0","134","35","197","34","0","0","35","6","331"
"V003320","2022/12/31 1100","0","162","34","191","33","0","0","33","12","353"
"V003320","2022/12/31 1200","0","170","33","224","33","0","0","33","9","394"
"V003320","2022/12/31 1300","0","117","33","227","31","0","0","32","9","344"
"V003320","2022/12/31 1400","0","98","33","289","32","0","0","33","9","387"
"V003320","2022/12/31 1500","0","77","32","211","34","0","0","34","6","288"
"V003320","2022/12/31 1600","0","100","33","234","34","0","0","34","8","334"
"V003320","2022/12/31 1700","0","108","34","271","33","0","0","33","7","379"
"V003320","2022/12/31 1800","0","81","31","192","32","0","0","32","8","273"
"V003320","2022/12/31 1900","0","136","35","286","33","0","0","33","10","422"
"V003320","2022/12/31 2000","0","98","31","248","32","0","0","32","6","346"
"V003320","2022/12/31 2100","0","111","34","195","33","0","0","33","7","306"
"V003320","2022/12/31 2200","0","98","31","240","30","0","0","30","9","338"
"V003320","2022/12/31 2300","0","73","30","270","31","0","0","31","8","343"
